Q1,Q2,Q3,Q4,Q5,anon_id
4,CS,2.0,"[3, 4]",1.0,S0041
4,CE,4.0,"[2, 3, 4, 5]",1.0,S0066
4,SE,2.0,"[3, 4]",1.0,S0057
4,SE,3.0,"[2, 4]",1.0,
4,CE,4.0,"[2, 3]",1.0,S0008
5,SE,2.0,"[3, Translating code to different programming languages]",1.0,S0070
3,SE,5.0,"[2, 3, 4]",2.0,S0029
3,SE,2.0,"[3, 4]",2.0,S0071
4,SE,3.0,[4],2.0,
4,SE,2.0,[4],2.0,S0028
4,SE,3.0,"[3, 4, sometimes to also understand concepts and learn, and to brainstorm]",2.0,S0039
4,CE,5.0,"[3, 4]",2.0,S0058
4,CE,4.0,"[3, 4]",2.0,S0065
4,SE,4.0,"[1, 2, 3, 4, 5]",2.0,S0072
4,SE,3.0,"[3, 4, 5]",2.0,S0060
4,SE,3.0,"[2, 3, 4]",2.0,S0061
4,CS,3.0,"[1, 2, 3, 4]",2.0,S0044
4,SE,4.0,"[3, 4]",2.0,S0031
4,CS,3.0,"[4, 5]",2.0,S0005
4,CE,2.0,"[3, 4]",2.0,S0018
4,CS,5.0,"[3, 4]",2.0,S0003
4,SE,2.0,[4],2.0,S0017
5,CE,3.0,"[3, 4]",2.0,S0046
5,CE,5.0,"[1, 2, 3, 4, 5]",2.0,S0043
3,CE,4.0,"[2, 3, 4]",3.0,S0045
3,CE,3.0,[4],3.0,S0068
3,CE,4.0,"[3, 4, Modifying existing code if I want to do something interesting but not sure how to approach it]",3.0,S0019
4,SE,3.0,"[2, 3, 4]",3.0,S0059
4,CE,3.0,"[3, 4]",3.0,S0055
4,SE,3.0,[5],3.0,S0069
4,CE,3.0,"[3, 4]",3.0,S0042
4,CS,4.0,"[3, 4]",3.0,S0025
4,SE,3.0,"[1, 2, 3]",3.0,S0047
4,SE,3.0,"[2, 3, 4]",3.0,S0026
4,SE,4.0,"[2, 3, 4]",3.0,S0067
4,SE,3.0,"[2, 3, 4]",3.0,S0063
4,CS,3.0,"[3, 4]",3.0,S0030
4,SE,4.0,"[3, 4, As needed depending on the LLM's capabilities regarding the task and how much I need to learn about that task]",3.0,S0056
4,SE,4.0,"[1, 2, 5]",3.0,S0036
4,CE,4.0,"[2, 3, 4]",3.0,S0064
4,CS,4.0,"[2, 3, 5]",3.0,S0035
4,CS,4.0,"[2, 3, 4]",3.0,S0034
4,SE,4.0,"[2, 3, 4]",3.0,S0027
4,CE,3.0,"[3, 4]",3.0,S0048
4,SE,2.0,[4],3.0,S0040
4,CE,3.0,"[3, 4, 5]",3.0,S0001
4,CS,1.0,[6],3.0,S0004
5,CE,2.0,"[3, 4, 5]",3.0,
others,others,3.0,"[1, 2]",3.0,S0013
3,CE,4.0,"[3, 4, 5]",4.0,S0014
4,SE,4.0,"[3, 4]",4.0,S0033
4,CE,3.0,"[3, 5]",4.0,S0010
4,SE,3.0,[3],4.0,S0062
4,SE,4.0,"[1, 2, 3, 5]",4.0,S0007
4,SE,5.0,[4],4.0,S0006
4,SE,4.0,"[3, 4]",4.0,S0015
4,CE,3.0,"[3, 5]",4.0,
5,SE,2.0,[2],4.0,S0054
4,CE,4.0,"[3, 4]",5.0,S0016
4,SE,4.0,"[3, 4]",5.0,S0020
,,,,,
,,,,,
,,,,,
5,CS,5.0,"[1, 2, 3, 4]",3.0,S0011
5,CS,4.0,"[1, 2, 3, 4]",4.0,S0022
5,SE,4.0,"[1, 2, 3, 4]",2.0,S0023
5,CS,4.0,"[1, 2, 4]",3.0,S0024
4,CS,4.0,"[1, 2, 3, 4]",4.0,S0037
4,CS,5.0,"[1, 2, 3, 4, 5]",4.0,S0038
5,CS,4.0,"[1, 2, 3, 5]",3.0,S0049
5,CS,4.0,"[1, 3, 4]",5.0,S0053
5,CS,4.0,"[2, 4]",3.0,S0052
