specification,Task,passed_tests_phase1,failed_tests_phase1,num_hidden_test_passed_phase1,num_hidden_test_failed_phase1,Has_AC,Has_Excp,Has_FR,Has_INV,Has_Neg_RE,Has_TB,Has_const,anon_id
G1,A,test_TC7_meeting_exceeds_working_hours;test_TC11_friday_long_meeting;test_TC14_event_full_day;test_TC16_invalid_time_format;test_TC19_multiple_windows_order;test_TC23_empty_day_duration_fills_last_slot;test_TC26_lunch_break_blocked;test_TC27_start_after_lunch_allowed;test_TC30_meeting_duration_multiple_of_30[30-True];test_TC30_meeting_duration_multiple_of_30[60-True],test_TC1_empty_day;test_TC2_single_event_midday;test_TC3_multiple_nonoverlapping_events;test_TC4_overlapping_events;test_TC5_adjacent_events;test_TC6_meeting_fits_morning;test_TC8_event_partial_outside_hours;test_TC9_friday_cutoff;test_TC10_friday_event_ends_at_cutoff;test_TC12_granularity_15min;test_TC13_short_duration;test_TC15_negative_duration;test_TC17_invalid_event_interval;test_TC18_invalid_date;test_TC20_many_events;test_TC21_small_gaps_between_events;test_TC22_friday_overlap_long_meeting;test_TC24_friday_event_partial_cutoff;test_TC25_multiple_consecutive_overlaps;test_TC28_buffer_after_event;test_TC29_zero_duration_meeting;test_TC30_meeting_duration_multiple_of_30[45-False];test_TC30_meeting_duration_multiple_of_30[20-False],10,23,0,0,0,0,0,0,0,S0001
G1,A,test_TC7_meeting_exceeds_working_hours;test_TC11_friday_long_meeting;test_TC14_event_full_day;test_TC16_invalid_time_format;test_TC19_multiple_windows_order;test_TC20_many_events;test_TC23_empty_day_duration_fills_last_slot;test_TC26_lunch_break_blocked;test_TC27_start_after_lunch_allowed;test_TC28_buffer_after_event;test_TC30_meeting_duration_multiple_of_30[30-True];test_TC30_meeting_duration_multiple_of_30[60-True],test_TC1_empty_day;test_TC2_single_event_midday;test_TC3_multiple_nonoverlapping_events;test_TC4_overlapping_events;test_TC5_adjacent_events;test_TC6_meeting_fits_morning;test_TC8_event_partial_outside_hours;test_TC9_friday_cutoff;test_TC10_friday_event_ends_at_cutoff;test_TC12_granularity_15min;test_TC13_short_duration;test_TC15_negative_duration;test_TC17_invalid_event_interval;test_TC18_invalid_date;test_TC21_small_gaps_between_events;test_TC22_friday_overlap_long_meeting;test_TC24_friday_event_partial_cutoff;test_TC25_multiple_consecutive_overlaps;test_TC29_zero_duration_meeting;test_TC30_meeting_duration_multiple_of_30[45-False];test_TC30_meeting_duration_multiple_of_30[20-False],12,21,0,0,0,0,0,0,0,S0002
G1,A,test_TC7_meeting_exceeds_working_hours;test_TC11_friday_long_meeting;test_TC14_event_full_day;test_TC19_multiple_windows_order;test_TC23_empty_day_duration_fills_last_slot;test_TC26_lunch_break_blocked;test_TC27_start_after_lunch_allowed;test_TC29_zero_duration_meeting;test_TC30_meeting_duration_multiple_of_30[30-True];test_TC30_meeting_duration_multiple_of_30[60-True],test_TC1_empty_day;test_TC2_single_event_midday;test_TC3_multiple_nonoverlapping_events;test_TC4_overlapping_events;test_TC5_adjacent_events;test_TC6_meeting_fits_morning;test_TC8_event_partial_outside_hours;test_TC9_friday_cutoff;test_TC10_friday_event_ends_at_cutoff;test_TC12_granularity_15min;test_TC13_short_duration;test_TC15_negative_duration;test_TC16_invalid_time_format;test_TC17_invalid_event_interval;test_TC18_invalid_date;test_TC20_many_events;test_TC21_small_gaps_between_events;test_TC22_friday_overlap_long_meeting;test_TC24_friday_event_partial_cutoff;test_TC25_multiple_consecutive_overlaps;test_TC28_buffer_after_event;test_TC30_meeting_duration_multiple_of_30[45-False];test_TC30_meeting_duration_multiple_of_30[20-False],10,23,0,0,0,0,0,0,0,S0003
G1,A,test_TC7_meeting_exceeds_working_hours;test_TC11_friday_long_meeting;test_TC23_empty_day_duration_fills_last_slot;test_TC30_meeting_duration_multiple_of_30[30-True];test_TC30_meeting_duration_multiple_of_30[60-True],test_TC1_empty_day;test_TC2_single_event_midday;test_TC3_multiple_nonoverlapping_events;test_TC4_overlapping_events;test_TC5_adjacent_events;test_TC6_meeting_fits_morning;test_TC8_event_partial_outside_hours;test_TC9_friday_cutoff;test_TC10_friday_event_ends_at_cutoff;test_TC12_granularity_15min;test_TC13_short_duration;test_TC14_event_full_day;test_TC15_negative_duration;test_TC16_invalid_time_format;test_TC17_invalid_event_interval;test_TC18_invalid_date;test_TC19_multiple_windows_order;test_TC20_many_events;test_TC21_small_gaps_between_events;test_TC22_friday_overlap_long_meeting;test_TC24_friday_event_partial_cutoff;test_TC25_multiple_consecutive_overlaps;test_TC26_lunch_break_blocked;test_TC27_start_after_lunch_allowed;test_TC28_buffer_after_event;test_TC29_zero_duration_meeting;test_TC30_meeting_duration_multiple_of_30[45-False];test_TC30_meeting_duration_multiple_of_30[20-False],5,28,0,0,0,0,0,0,0,S0004
G1,A,test_TC7_meeting_exceeds_working_hours;test_TC11_friday_long_meeting;test_TC14_event_full_day;test_TC16_invalid_time_format;test_TC19_multiple_windows_order;test_TC20_many_events;test_TC23_empty_day_duration_fills_last_slot;test_TC26_lunch_break_blocked;test_TC27_start_after_lunch_allowed;test_TC28_buffer_after_event;test_TC29_zero_duration_meeting;test_TC30_meeting_duration_multiple_of_30[30-True];test_TC30_meeting_duration_multiple_of_30[60-True],test_TC1_empty_day;test_TC2_single_event_midday;test_TC3_multiple_nonoverlapping_events;test_TC4_overlapping_events;test_TC5_adjacent_events;test_TC6_meeting_fits_morning;test_TC8_event_partial_outside_hours;test_TC9_friday_cutoff;test_TC10_friday_event_ends_at_cutoff;test_TC12_granularity_15min;test_TC13_short_duration;test_TC15_negative_duration;test_TC17_invalid_event_interval;test_TC18_invalid_date;test_TC21_small_gaps_between_events;test_TC22_friday_overlap_long_meeting;test_TC24_friday_event_partial_cutoff;test_TC25_multiple_consecutive_overlaps;test_TC30_meeting_duration_multiple_of_30[45-False];test_TC30_meeting_duration_multiple_of_30[20-False],13,20,0,0,0,0,0,0,0,S0005
G1,A,test_TC7_meeting_exceeds_working_hours;test_TC11_friday_long_meeting;test_TC14_event_full_day;test_TC16_invalid_time_format;test_TC19_multiple_windows_order;test_TC20_many_events;test_TC23_empty_day_duration_fills_last_slot;test_TC26_lunch_break_blocked;test_TC27_start_after_lunch_allowed;test_TC28_buffer_after_event;test_TC30_meeting_duration_multiple_of_30[30-True];test_TC30_meeting_duration_multiple_of_30[60-True],test_TC1_empty_day;test_TC2_single_event_midday;test_TC3_multiple_nonoverlapping_events;test_TC4_overlapping_events;test_TC5_adjacent_events;test_TC6_meeting_fits_morning;test_TC8_event_partial_outside_hours;test_TC9_friday_cutoff;test_TC10_friday_event_ends_at_cutoff;test_TC12_granularity_15min;test_TC13_short_duration;test_TC15_negative_duration;test_TC17_invalid_event_interval;test_TC18_invalid_date;test_TC21_small_gaps_between_events;test_TC22_friday_overlap_long_meeting;test_TC24_friday_event_partial_cutoff;test_TC25_multiple_consecutive_overlaps;test_TC29_zero_duration_meeting;test_TC30_meeting_duration_multiple_of_30[45-False];test_TC30_meeting_duration_multiple_of_30[20-False],12,21,0,0,0,0,0,0,0,S0006
G1,A,test_TC7_meeting_exceeds_working_hours;test_TC11_friday_long_meeting;test_TC14_event_full_day;test_TC16_invalid_time_format;test_TC19_multiple_windows_order;test_TC23_empty_day_duration_fills_last_slot;test_TC26_lunch_break_blocked;test_TC27_start_after_lunch_allowed;test_TC30_meeting_duration_multiple_of_30[30-True];test_TC30_meeting_duration_multiple_of_30[60-True],test_TC1_empty_day;test_TC2_single_event_midday;test_TC3_multiple_nonoverlapping_events;test_TC4_overlapping_events;test_TC5_adjacent_events;test_TC6_meeting_fits_morning;test_TC8_event_partial_outside_hours;test_TC9_friday_cutoff;test_TC10_friday_event_ends_at_cutoff;test_TC12_granularity_15min;test_TC13_short_duration;test_TC15_negative_duration;test_TC17_invalid_event_interval;test_TC18_invalid_date;test_TC20_many_events;test_TC21_small_gaps_between_events;test_TC22_friday_overlap_long_meeting;test_TC24_friday_event_partial_cutoff;test_TC25_multiple_consecutive_overlaps;test_TC28_buffer_after_event;test_TC29_zero_duration_meeting;test_TC30_meeting_duration_multiple_of_30[45-False];test_TC30_meeting_duration_multiple_of_30[20-False],10,23,0,0,0,0,0,0,0,S0007
G1,A,test_TC7_meeting_exceeds_working_hours;test_TC11_friday_long_meeting;test_TC14_event_full_day;test_TC16_invalid_time_format;test_TC19_multiple_windows_order;test_TC20_many_events;test_TC23_empty_day_duration_fills_last_slot;test_TC26_lunch_break_blocked;test_TC27_start_after_lunch_allowed;test_TC28_buffer_after_event;test_TC29_zero_duration_meeting;test_TC30_meeting_duration_multiple_of_30[30-True];test_TC30_meeting_duration_multiple_of_30[60-True],test_TC1_empty_day;test_TC2_single_event_midday;test_TC3_multiple_nonoverlapping_events;test_TC4_overlapping_events;test_TC5_adjacent_events;test_TC6_meeting_fits_morning;test_TC8_event_partial_outside_hours;test_TC9_friday_cutoff;test_TC10_friday_event_ends_at_cutoff;test_TC12_granularity_15min;test_TC13_short_duration;test_TC15_negative_duration;test_TC17_invalid_event_interval;test_TC18_invalid_date;test_TC21_small_gaps_between_events;test_TC22_friday_overlap_long_meeting;test_TC24_friday_event_partial_cutoff;test_TC25_multiple_consecutive_overlaps;test_TC30_meeting_duration_multiple_of_30[45-False];test_TC30_meeting_duration_multiple_of_30[20-False],13,20,0,0,0,0,0,0,0,S0008
G1,A,test_TC7_meeting_exceeds_working_hours;test_TC11_friday_long_meeting;test_TC14_event_full_day;test_TC16_invalid_time_format;test_TC19_multiple_windows_order;test_TC23_empty_day_duration_fills_last_slot;test_TC26_lunch_break_blocked;test_TC27_start_after_lunch_allowed;test_TC30_meeting_duration_multiple_of_30[30-True];test_TC30_meeting_duration_multiple_of_30[60-True],test_TC1_empty_day;test_TC2_single_event_midday;test_TC3_multiple_nonoverlapping_events;test_TC4_overlapping_events;test_TC5_adjacent_events;test_TC6_meeting_fits_morning;test_TC8_event_partial_outside_hours;test_TC9_friday_cutoff;test_TC10_friday_event_ends_at_cutoff;test_TC12_granularity_15min;test_TC13_short_duration;test_TC15_negative_duration;test_TC17_invalid_event_interval;test_TC18_invalid_date;test_TC20_many_events;test_TC21_small_gaps_between_events;test_TC22_friday_overlap_long_meeting;test_TC24_friday_event_partial_cutoff;test_TC25_multiple_consecutive_overlaps;test_TC28_buffer_after_event;test_TC29_zero_duration_meeting;test_TC30_meeting_duration_multiple_of_30[45-False];test_TC30_meeting_duration_multiple_of_30[20-False],10,23,0,0,0,0,0,0,0,S0009
G1,A,test_TC7_meeting_exceeds_working_hours;test_TC11_friday_long_meeting;test_TC14_event_full_day;test_TC19_multiple_windows_order;test_TC23_empty_day_duration_fills_last_slot;test_TC26_lunch_break_blocked;test_TC27_start_after_lunch_allowed;test_TC29_zero_duration_meeting;test_TC30_meeting_duration_multiple_of_30[30-True];test_TC30_meeting_duration_multiple_of_30[60-True],test_TC1_empty_day;test_TC2_single_event_midday;test_TC3_multiple_nonoverlapping_events;test_TC4_overlapping_events;test_TC5_adjacent_events;test_TC6_meeting_fits_morning;test_TC8_event_partial_outside_hours;test_TC9_friday_cutoff;test_TC10_friday_event_ends_at_cutoff;test_TC12_granularity_15min;test_TC13_short_duration;test_TC15_negative_duration;test_TC16_invalid_time_format;test_TC17_invalid_event_interval;test_TC18_invalid_date;test_TC20_many_events;test_TC21_small_gaps_between_events;test_TC22_friday_overlap_long_meeting;test_TC24_friday_event_partial_cutoff;test_TC25_multiple_consecutive_overlaps;test_TC28_buffer_after_event;test_TC30_meeting_duration_multiple_of_30[45-False];test_TC30_meeting_duration_multiple_of_30[20-False],10,23,0,0,0,0,0,0,0,S0010
G1,A,test_TC7_meeting_exceeds_working_hours;test_TC11_friday_long_meeting;test_TC14_event_full_day;test_TC16_invalid_time_format;test_TC19_multiple_windows_order;test_TC23_empty_day_duration_fills_last_slot;test_TC26_lunch_break_blocked;test_TC27_start_after_lunch_allowed;test_TC29_zero_duration_meeting;test_TC30_meeting_duration_multiple_of_30[30-True];test_TC30_meeting_duration_multiple_of_30[60-True],test_TC1_empty_day;test_TC2_single_event_midday;test_TC3_multiple_nonoverlapping_events;test_TC4_overlapping_events;test_TC5_adjacent_events;test_TC6_meeting_fits_morning;test_TC8_event_partial_outside_hours;test_TC9_friday_cutoff;test_TC10_friday_event_ends_at_cutoff;test_TC12_granularity_15min;test_TC13_short_duration;test_TC15_negative_duration;test_TC17_invalid_event_interval;test_TC18_invalid_date;test_TC20_many_events;test_TC21_small_gaps_between_events;test_TC22_friday_overlap_long_meeting;test_TC24_friday_event_partial_cutoff;test_TC25_multiple_consecutive_overlaps;test_TC28_buffer_after_event;test_TC30_meeting_duration_multiple_of_30[45-False];test_TC30_meeting_duration_multiple_of_30[20-False],11,22,0,0,0,0,0,0,0,S0011
G1,A,test_TC7_meeting_exceeds_working_hours;test_TC11_friday_long_meeting;test_TC14_event_full_day;test_TC16_invalid_time_format;test_TC19_multiple_windows_order;test_TC20_many_events;test_TC23_empty_day_duration_fills_last_slot;test_TC26_lunch_break_blocked;test_TC27_start_after_lunch_allowed;test_TC28_buffer_after_event;test_TC30_meeting_duration_multiple_of_30[30-True];test_TC30_meeting_duration_multiple_of_30[60-True],test_TC1_empty_day;test_TC2_single_event_midday;test_TC3_multiple_nonoverlapping_events;test_TC4_overlapping_events;test_TC5_adjacent_events;test_TC6_meeting_fits_morning;test_TC8_event_partial_outside_hours;test_TC9_friday_cutoff;test_TC10_friday_event_ends_at_cutoff;test_TC12_granularity_15min;test_TC13_short_duration;test_TC15_negative_duration;test_TC17_invalid_event_interval;test_TC18_invalid_date;test_TC21_small_gaps_between_events;test_TC22_friday_overlap_long_meeting;test_TC24_friday_event_partial_cutoff;test_TC25_multiple_consecutive_overlaps;test_TC29_zero_duration_meeting;test_TC30_meeting_duration_multiple_of_30[45-False];test_TC30_meeting_duration_multiple_of_30[20-False],12,21,0,0,0,0,0,0,0,S0012
G1,B,test_TC8_resource_value_not_number;test_TC9_request_value_not_number;test_TC15_none_requests;test_TC16_nested_invalid_request;test_TC17_list_inside_request_value;test_TC18_tuple_inside_request_value;test_TC19_valid_simple_case;test_TC20_valid_multi_resource;test_TC24_string_number;test_TC25_string_number_in_request;test_TC26_empty_requests_valid;test_TC28_valid_float;test_TC31_one_resource_must_remain_true;test_TC32_multi_resource_exact_cpu,test_TC1_negative_resource_value;test_TC2_negative_request_value;test_TC3_nan_value;test_TC4_infinite_value;test_TC5_resources_not_dict;test_TC6_requests_not_list;test_TC7_request_item_not_dict;test_TC10_resource_key_not_string;test_TC11_request_key_not_string;test_TC12_missing_resource_type;test_TC13_empty_resource_dict_invalid;test_TC14_none_resources;test_TC21_zero_and_negative_mix;test_TC22_valid_zero_values;test_TC23_request_with_extra_invalid_key;test_TC27_empty_requests_invalid_resources;test_TC29_invalid_float_nan_request;test_TC30_one_resource_must_remain_false;test_TC33_multi_resource_exact_cpu,14,19,0,0,0,0,0,0,0,S0013
G1,B,test_TC5_resources_not_dict;test_TC6_requests_not_list;test_TC7_request_item_not_dict;test_TC8_resource_value_not_number;test_TC9_request_value_not_number;test_TC10_resource_key_not_string;test_TC14_none_resources;test_TC15_none_requests;test_TC16_nested_invalid_request;test_TC17_list_inside_request_value;test_TC18_tuple_inside_request_value;test_TC24_string_number;test_TC25_string_number_in_request,test_TC1_negative_resource_value;test_TC2_negative_request_value;test_TC3_nan_value;test_TC4_infinite_value;test_TC11_request_key_not_string;test_TC12_missing_resource_type;test_TC13_empty_resource_dict_invalid;test_TC19_valid_simple_case;test_TC20_valid_multi_resource;test_TC21_zero_and_negative_mix;test_TC22_valid_zero_values;test_TC23_request_with_extra_invalid_key;test_TC26_empty_requests_valid;test_TC27_empty_requests_invalid_resources;test_TC28_valid_float;test_TC29_invalid_float_nan_request;test_TC30_one_resource_must_remain_false;test_TC31_one_resource_must_remain_true;test_TC32_multi_resource_exact_cpu;test_TC33_multi_resource_exact_cpu,13,20,0,0,0,0,0,0,0,S0014
G1,B,test_TC1_negative_resource_value;test_TC2_negative_request_value;test_TC8_resource_value_not_number;test_TC15_none_requests;test_TC19_valid_simple_case;test_TC20_valid_multi_resource;test_TC21_zero_and_negative_mix;test_TC24_string_number;test_TC26_empty_requests_valid;test_TC28_valid_float;test_TC31_one_resource_must_remain_true;test_TC32_multi_resource_exact_cpu,test_TC3_nan_value;test_TC4_infinite_value;test_TC5_resources_not_dict;test_TC6_requests_not_list;test_TC7_request_item_not_dict;test_TC9_request_value_not_number;test_TC10_resource_key_not_string;test_TC11_request_key_not_string;test_TC12_missing_resource_type;test_TC13_empty_resource_dict_invalid;test_TC14_none_resources;test_TC16_nested_invalid_request;test_TC17_list_inside_request_value;test_TC18_tuple_inside_request_value;test_TC22_valid_zero_values;test_TC23_request_with_extra_invalid_key;test_TC25_string_number_in_request;test_TC27_empty_requests_invalid_resources;test_TC29_invalid_float_nan_request;test_TC30_one_resource_must_remain_false;test_TC33_multi_resource_exact_cpu,12,21,0,0,0,0,0,0,0,S0015
G1,B,test_TC8_resource_value_not_number;test_TC9_request_value_not_number;test_TC15_none_requests;test_TC16_nested_invalid_request;test_TC17_list_inside_request_value;test_TC18_tuple_inside_request_value;test_TC19_valid_simple_case;test_TC20_valid_multi_resource;test_TC24_string_number;test_TC25_string_number_in_request;test_TC26_empty_requests_valid;test_TC28_valid_float;test_TC31_one_resource_must_remain_true;test_TC32_multi_resource_exact_cpu,test_TC1_negative_resource_value;test_TC2_negative_request_value;test_TC3_nan_value;test_TC4_infinite_value;test_TC5_resources_not_dict;test_TC6_requests_not_list;test_TC7_request_item_not_dict;test_TC10_resource_key_not_string;test_TC11_request_key_not_string;test_TC12_missing_resource_type;test_TC13_empty_resource_dict_invalid;test_TC14_none_resources;test_TC21_zero_and_negative_mix;test_TC22_valid_zero_values;test_TC23_request_with_extra_invalid_key;test_TC27_empty_requests_invalid_resources;test_TC29_invalid_float_nan_request;test_TC30_one_resource_must_remain_false;test_TC33_multi_resource_exact_cpu,14,19,0,0,0,0,0,0,0,S0016
G1,B,test_TC2_negative_request_value;test_TC15_none_requests;test_TC19_valid_simple_case;test_TC20_valid_multi_resource;test_TC21_zero_and_negative_mix;test_TC26_empty_requests_valid;test_TC28_valid_float;test_TC31_one_resource_must_remain_true;test_TC32_multi_resource_exact_cpu,test_TC1_negative_resource_value;test_TC3_nan_value;test_TC4_infinite_value;test_TC5_resources_not_dict;test_TC6_requests_not_list;test_TC7_request_item_not_dict;test_TC8_resource_value_not_number;test_TC9_request_value_not_number;test_TC10_resource_key_not_string;test_TC11_request_key_not_string;test_TC12_missing_resource_type;test_TC13_empty_resource_dict_invalid;test_TC14_none_resources;test_TC16_nested_invalid_request;test_TC17_list_inside_request_value;test_TC18_tuple_inside_request_value;test_TC22_valid_zero_values;test_TC23_request_with_extra_invalid_key;test_TC24_string_number;test_TC25_string_number_in_request;test_TC27_empty_requests_invalid_resources;test_TC29_invalid_float_nan_request;test_TC30_one_resource_must_remain_false;test_TC33_multi_resource_exact_cpu,9,24,0,0,0,0,0,0,0,S0017
G1,B,test_TC1_negative_resource_value;test_TC2_negative_request_value;test_TC3_nan_value;test_TC4_infinite_value;test_TC19_valid_simple_case;test_TC20_valid_multi_resource;test_TC21_zero_and_negative_mix;test_TC26_empty_requests_valid;test_TC28_valid_float;test_TC29_invalid_float_nan_request;test_TC31_one_resource_must_remain_true;test_TC32_multi_resource_exact_cpu,test_TC5_resources_not_dict;test_TC6_requests_not_list;test_TC7_request_item_not_dict;test_TC8_resource_value_not_number;test_TC9_request_value_not_number;test_TC10_resource_key_not_string;test_TC11_request_key_not_string;test_TC12_missing_resource_type;test_TC13_empty_resource_dict_invalid;test_TC14_none_resources;test_TC15_none_requests;test_TC16_nested_invalid_request;test_TC17_list_inside_request_value;test_TC18_tuple_inside_request_value;test_TC22_valid_zero_values;test_TC23_request_with_extra_invalid_key;test_TC24_string_number;test_TC25_string_number_in_request;test_TC27_empty_requests_invalid_resources;test_TC30_one_resource_must_remain_false;test_TC33_multi_resource_exact_cpu,12,21,0,0,0,0,0,0,0,S0018
G1,B,test_TC5_resources_not_dict;test_TC8_resource_value_not_number;test_TC9_request_value_not_number;test_TC14_none_resources;test_TC15_none_requests;test_TC16_nested_invalid_request;test_TC17_list_inside_request_value;test_TC18_tuple_inside_request_value;test_TC19_valid_simple_case;test_TC20_valid_multi_resource;test_TC24_string_number;test_TC25_string_number_in_request;test_TC26_empty_requests_valid;test_TC28_valid_float;test_TC31_one_resource_must_remain_true;test_TC32_multi_resource_exact_cpu,test_TC1_negative_resource_value;test_TC2_negative_request_value;test_TC3_nan_value;test_TC4_infinite_value;test_TC6_requests_not_list;test_TC7_request_item_not_dict;test_TC10_resource_key_not_string;test_TC11_request_key_not_string;test_TC12_missing_resource_type;test_TC13_empty_resource_dict_invalid;test_TC21_zero_and_negative_mix;test_TC22_valid_zero_values;test_TC23_request_with_extra_invalid_key;test_TC27_empty_requests_invalid_resources;test_TC29_invalid_float_nan_request;test_TC30_one_resource_must_remain_false;test_TC33_multi_resource_exact_cpu,16,17,0,0,0,0,0,0,0,S0019
G1,B,test_TC8_resource_value_not_number;test_TC15_none_requests;test_TC19_valid_simple_case;test_TC20_valid_multi_resource;test_TC22_valid_zero_values;test_TC24_string_number;test_TC26_empty_requests_valid;test_TC28_valid_float;test_TC30_one_resource_must_remain_false;test_TC31_one_resource_must_remain_true;test_TC32_multi_resource_exact_cpu;test_TC33_multi_resource_exact_cpu,test_TC1_negative_resource_value;test_TC2_negative_request_value;test_TC3_nan_value;test_TC4_infinite_value;test_TC5_resources_not_dict;test_TC6_requests_not_list;test_TC7_request_item_not_dict;test_TC9_request_value_not_number;test_TC10_resource_key_not_string;test_TC11_request_key_not_string;test_TC12_missing_resource_type;test_TC13_empty_resource_dict_invalid;test_TC14_none_resources;test_TC16_nested_invalid_request;test_TC17_list_inside_request_value;test_TC18_tuple_inside_request_value;test_TC21_zero_and_negative_mix;test_TC23_request_with_extra_invalid_key;test_TC25_string_number_in_request;test_TC27_empty_requests_invalid_resources;test_TC29_invalid_float_nan_request,12,21,0,0,0,0,0,0,0,S0020
G1,B,test_TC1_negative_resource_value;test_TC2_negative_request_value;test_TC19_valid_simple_case;test_TC20_valid_multi_resource;test_TC21_zero_and_negative_mix;test_TC26_empty_requests_valid;test_TC28_valid_float;test_TC31_one_resource_must_remain_true;test_TC32_multi_resource_exact_cpu,test_TC3_nan_value;test_TC4_infinite_value;test_TC5_resources_not_dict;test_TC6_requests_not_list;test_TC7_request_item_not_dict;test_TC8_resource_value_not_number;test_TC9_request_value_not_number;test_TC10_resource_key_not_string;test_TC11_request_key_not_string;test_TC12_missing_resource_type;test_TC13_empty_resource_dict_invalid;test_TC14_none_resources;test_TC15_none_requests;test_TC16_nested_invalid_request;test_TC17_list_inside_request_value;test_TC18_tuple_inside_request_value;test_TC22_valid_zero_values;test_TC23_request_with_extra_invalid_key;test_TC24_string_number;test_TC25_string_number_in_request;test_TC27_empty_requests_invalid_resources;test_TC29_invalid_float_nan_request;test_TC30_one_resource_must_remain_false;test_TC33_multi_resource_exact_cpu,9,24,0,0,0,0,0,0,0,S0021
G1,B,test_TC1_negative_resource_value;test_TC2_negative_request_value;test_TC19_valid_simple_case;test_TC20_valid_multi_resource;test_TC21_zero_and_negative_mix;test_TC26_empty_requests_valid;test_TC28_valid_float;test_TC31_one_resource_must_remain_true;test_TC32_multi_resource_exact_cpu,test_TC3_nan_value;test_TC4_infinite_value;test_TC5_resources_not_dict;test_TC6_requests_not_list;test_TC7_request_item_not_dict;test_TC8_resource_value_not_number;test_TC9_request_value_not_number;test_TC10_resource_key_not_string;test_TC11_request_key_not_string;test_TC12_missing_resource_type;test_TC13_empty_resource_dict_invalid;test_TC14_none_resources;test_TC15_none_requests;test_TC16_nested_invalid_request;test_TC17_list_inside_request_value;test_TC18_tuple_inside_request_value;test_TC22_valid_zero_values;test_TC23_request_with_extra_invalid_key;test_TC24_string_number;test_TC25_string_number_in_request;test_TC27_empty_requests_invalid_resources;test_TC29_invalid_float_nan_request;test_TC30_one_resource_must_remain_false;test_TC33_multi_resource_exact_cpu,9,24,0,0,0,0,0,0,0,S0022
G1,B,test_TC5_resources_not_dict;test_TC8_resource_value_not_number;test_TC9_request_value_not_number;test_TC14_none_resources;test_TC15_none_requests;test_TC16_nested_invalid_request;test_TC17_list_inside_request_value;test_TC18_tuple_inside_request_value;test_TC19_valid_simple_case;test_TC20_valid_multi_resource;test_TC24_string_number;test_TC25_string_number_in_request;test_TC26_empty_requests_valid;test_TC28_valid_float;test_TC31_one_resource_must_remain_true;test_TC32_multi_resource_exact_cpu,test_TC1_negative_resource_value;test_TC2_negative_request_value;test_TC3_nan_value;test_TC4_infinite_value;test_TC6_requests_not_list;test_TC7_request_item_not_dict;test_TC10_resource_key_not_string;test_TC11_request_key_not_string;test_TC12_missing_resource_type;test_TC13_empty_resource_dict_invalid;test_TC21_zero_and_negative_mix;test_TC22_valid_zero_values;test_TC23_request_with_extra_invalid_key;test_TC27_empty_requests_invalid_resources;test_TC29_invalid_float_nan_request;test_TC30_one_resource_must_remain_false;test_TC33_multi_resource_exact_cpu,16,17,0,0,0,0,0,0,0,S0023
G1,B,test_TC2_negative_request_value;test_TC8_resource_value_not_number;test_TC15_none_requests;test_TC19_valid_simple_case;test_TC20_valid_multi_resource;test_TC21_zero_and_negative_mix;test_TC24_string_number;test_TC26_empty_requests_valid;test_TC28_valid_float;test_TC31_one_resource_must_remain_true;test_TC32_multi_resource_exact_cpu,test_TC1_negative_resource_value;test_TC3_nan_value;test_TC4_infinite_value;test_TC5_resources_not_dict;test_TC6_requests_not_list;test_TC7_request_item_not_dict;test_TC9_request_value_not_number;test_TC10_resource_key_not_string;test_TC11_request_key_not_string;test_TC12_missing_resource_type;test_TC13_empty_resource_dict_invalid;test_TC14_none_resources;test_TC16_nested_invalid_request;test_TC17_list_inside_request_value;test_TC18_tuple_inside_request_value;test_TC22_valid_zero_values;test_TC23_request_with_extra_invalid_key;test_TC25_string_number_in_request;test_TC27_empty_requests_invalid_resources;test_TC29_invalid_float_nan_request;test_TC30_one_resource_must_remain_false;test_TC33_multi_resource_exact_cpu,11,22,0,0,0,0,0,0,0,S0024
G2,B,test_TC5_resources_not_dict;test_TC8_resource_value_not_number;test_TC9_request_value_not_number;test_TC14_none_resources;test_TC15_none_requests;test_TC16_nested_invalid_request;test_TC17_list_inside_request_value;test_TC18_tuple_inside_request_value;test_TC19_valid_simple_case;test_TC20_valid_multi_resource;test_TC24_string_number;test_TC25_string_number_in_request;test_TC28_valid_float;test_TC31_one_resource_must_remain_true;test_TC32_multi_resource_exact_cpu,test_TC1_negative_resource_value;test_TC2_negative_request_value;test_TC3_nan_value;test_TC4_infinite_value;test_TC6_requests_not_list;test_TC7_request_item_not_dict;test_TC10_resource_key_not_string;test_TC11_request_key_not_string;test_TC12_missing_resource_type;test_TC13_empty_resource_dict_invalid;test_TC21_zero_and_negative_mix;test_TC22_valid_zero_values;test_TC23_request_with_extra_invalid_key;test_TC26_empty_requests_valid;test_TC27_empty_requests_invalid_resources;test_TC29_invalid_float_nan_request;test_TC30_one_resource_must_remain_false;test_TC33_multi_resource_exact_cpu,15,18,0,0,0,0,0,0,0,S0025
G2,B,test_TC5_resources_not_dict;test_TC8_resource_value_not_number;test_TC9_request_value_not_number;test_TC14_none_resources;test_TC15_none_requests;test_TC16_nested_invalid_request;test_TC17_list_inside_request_value;test_TC18_tuple_inside_request_value;test_TC19_valid_simple_case;test_TC20_valid_multi_resource;test_TC24_string_number;test_TC25_string_number_in_request;test_TC26_empty_requests_valid;test_TC28_valid_float;test_TC31_one_resource_must_remain_true;test_TC32_multi_resource_exact_cpu,test_TC1_negative_resource_value;test_TC2_negative_request_value;test_TC3_nan_value;test_TC4_infinite_value;test_TC6_requests_not_list;test_TC7_request_item_not_dict;test_TC10_resource_key_not_string;test_TC11_request_key_not_string;test_TC12_missing_resource_type;test_TC13_empty_resource_dict_invalid;test_TC21_zero_and_negative_mix;test_TC22_valid_zero_values;test_TC23_request_with_extra_invalid_key;test_TC27_empty_requests_invalid_resources;test_TC29_invalid_float_nan_request;test_TC30_one_resource_must_remain_false;test_TC33_multi_resource_exact_cpu,16,17,1,0,0,0,0,0,1,S0026
G2,B,test_TC5_resources_not_dict;test_TC8_resource_value_not_number;test_TC9_request_value_not_number;test_TC14_none_resources;test_TC15_none_requests;test_TC16_nested_invalid_request;test_TC17_list_inside_request_value;test_TC18_tuple_inside_request_value;test_TC19_valid_simple_case;test_TC20_valid_multi_resource;test_TC24_string_number;test_TC25_string_number_in_request;test_TC26_empty_requests_valid;test_TC28_valid_float;test_TC31_one_resource_must_remain_true;test_TC32_multi_resource_exact_cpu,test_TC1_negative_resource_value;test_TC2_negative_request_value;test_TC3_nan_value;test_TC4_infinite_value;test_TC6_requests_not_list;test_TC7_request_item_not_dict;test_TC10_resource_key_not_string;test_TC11_request_key_not_string;test_TC12_missing_resource_type;test_TC13_empty_resource_dict_invalid;test_TC21_zero_and_negative_mix;test_TC22_valid_zero_values;test_TC23_request_with_extra_invalid_key;test_TC27_empty_requests_invalid_resources;test_TC29_invalid_float_nan_request;test_TC30_one_resource_must_remain_false;test_TC33_multi_resource_exact_cpu,16,17,1,0,0,0,0,0,1,S0027
G2,B,test_TC5_resources_not_dict;test_TC8_resource_value_not_number;test_TC9_request_value_not_number;test_TC14_none_resources;test_TC15_none_requests;test_TC16_nested_invalid_request;test_TC17_list_inside_request_value;test_TC18_tuple_inside_request_value;test_TC19_valid_simple_case;test_TC20_valid_multi_resource;test_TC24_string_number;test_TC25_string_number_in_request;test_TC26_empty_requests_valid;test_TC28_valid_float;test_TC31_one_resource_must_remain_true;test_TC32_multi_resource_exact_cpu,test_TC1_negative_resource_value;test_TC2_negative_request_value;test_TC3_nan_value;test_TC4_infinite_value;test_TC6_requests_not_list;test_TC7_request_item_not_dict;test_TC10_resource_key_not_string;test_TC11_request_key_not_string;test_TC12_missing_resource_type;test_TC13_empty_resource_dict_invalid;test_TC21_zero_and_negative_mix;test_TC22_valid_zero_values;test_TC23_request_with_extra_invalid_key;test_TC27_empty_requests_invalid_resources;test_TC29_invalid_float_nan_request;test_TC30_one_resource_must_remain_false;test_TC33_multi_resource_exact_cpu,16,17,1,0,0,0,0,0,1,S0028
G2,B,test_TC1_negative_resource_value;test_TC2_negative_request_value;test_TC3_nan_value;test_TC4_infinite_value;test_TC19_valid_simple_case;test_TC20_valid_multi_resource;test_TC21_zero_and_negative_mix;test_TC26_empty_requests_valid;test_TC28_valid_float;test_TC29_invalid_float_nan_request;test_TC31_one_resource_must_remain_true;test_TC32_multi_resource_exact_cpu,test_TC5_resources_not_dict;test_TC6_requests_not_list;test_TC7_request_item_not_dict;test_TC8_resource_value_not_number;test_TC9_request_value_not_number;test_TC10_resource_key_not_string;test_TC11_request_key_not_string;test_TC12_missing_resource_type;test_TC13_empty_resource_dict_invalid;test_TC14_none_resources;test_TC15_none_requests;test_TC16_nested_invalid_request;test_TC17_list_inside_request_value;test_TC18_tuple_inside_request_value;test_TC22_valid_zero_values;test_TC23_request_with_extra_invalid_key;test_TC24_string_number;test_TC25_string_number_in_request;test_TC27_empty_requests_invalid_resources;test_TC30_one_resource_must_remain_false;test_TC33_multi_resource_exact_cpu,12,21,1,0,0,0,0,0,1,S0029
G2,B,test_TC2_negative_request_value;test_TC3_nan_value;test_TC4_infinite_value;test_TC19_valid_simple_case;test_TC20_valid_multi_resource;test_TC21_zero_and_negative_mix;test_TC22_valid_zero_values;test_TC26_empty_requests_valid;test_TC28_valid_float;test_TC29_invalid_float_nan_request;test_TC30_one_resource_must_remain_false;test_TC31_one_resource_must_remain_true;test_TC32_multi_resource_exact_cpu;test_TC33_multi_resource_exact_cpu,test_TC1_negative_resource_value;test_TC5_resources_not_dict;test_TC6_requests_not_list;test_TC7_request_item_not_dict;test_TC8_resource_value_not_number;test_TC9_request_value_not_number;test_TC10_resource_key_not_string;test_TC11_request_key_not_string;test_TC12_missing_resource_type;test_TC13_empty_resource_dict_invalid;test_TC14_none_resources;test_TC15_none_requests;test_TC16_nested_invalid_request;test_TC17_list_inside_request_value;test_TC18_tuple_inside_request_value;test_TC23_request_with_extra_invalid_key;test_TC24_string_number;test_TC25_string_number_in_request;test_TC27_empty_requests_invalid_resources,14,19,1,0,0,0,0,0,1,S0030
G2,B,test_TC1_negative_resource_value;test_TC2_negative_request_value;test_TC3_nan_value;test_TC4_infinite_value;test_TC15_none_requests;test_TC19_valid_simple_case;test_TC20_valid_multi_resource;test_TC21_zero_and_negative_mix;test_TC26_empty_requests_valid;test_TC28_valid_float;test_TC29_invalid_float_nan_request;test_TC31_one_resource_must_remain_true;test_TC32_multi_resource_exact_cpu,test_TC5_resources_not_dict;test_TC6_requests_not_list;test_TC7_request_item_not_dict;test_TC8_resource_value_not_number;test_TC9_request_value_not_number;test_TC10_resource_key_not_string;test_TC11_request_key_not_string;test_TC12_missing_resource_type;test_TC13_empty_resource_dict_invalid;test_TC14_none_resources;test_TC16_nested_invalid_request;test_TC17_list_inside_request_value;test_TC18_tuple_inside_request_value;test_TC22_valid_zero_values;test_TC23_request_with_extra_invalid_key;test_TC24_string_number;test_TC25_string_number_in_request;test_TC27_empty_requests_invalid_resources;test_TC30_one_resource_must_remain_false;test_TC33_multi_resource_exact_cpu,13,20,1,0,0,0,0,0,1,S0031
G2,B,test_TC5_resources_not_dict;test_TC8_resource_value_not_number;test_TC9_request_value_not_number;test_TC14_none_resources;test_TC15_none_requests;test_TC16_nested_invalid_request;test_TC17_list_inside_request_value;test_TC18_tuple_inside_request_value;test_TC19_valid_simple_case;test_TC20_valid_multi_resource;test_TC24_string_number;test_TC25_string_number_in_request;test_TC26_empty_requests_valid;test_TC28_valid_float;test_TC31_one_resource_must_remain_true;test_TC32_multi_resource_exact_cpu,test_TC1_negative_resource_value;test_TC2_negative_request_value;test_TC3_nan_value;test_TC4_infinite_value;test_TC6_requests_not_list;test_TC7_request_item_not_dict;test_TC10_resource_key_not_string;test_TC11_request_key_not_string;test_TC12_missing_resource_type;test_TC13_empty_resource_dict_invalid;test_TC21_zero_and_negative_mix;test_TC22_valid_zero_values;test_TC23_request_with_extra_invalid_key;test_TC27_empty_requests_invalid_resources;test_TC29_invalid_float_nan_request;test_TC30_one_resource_must_remain_false;test_TC33_multi_resource_exact_cpu,16,17,1,0,0,0,0,0,1,S0032
G2,B,test_TC8_resource_value_not_number;test_TC9_request_value_not_number;test_TC15_none_requests;test_TC16_nested_invalid_request;test_TC17_list_inside_request_value;test_TC18_tuple_inside_request_value;test_TC19_valid_simple_case;test_TC20_valid_multi_resource;test_TC24_string_number;test_TC25_string_number_in_request;test_TC26_empty_requests_valid;test_TC28_valid_float;test_TC31_one_resource_must_remain_true;test_TC32_multi_resource_exact_cpu,test_TC1_negative_resource_value;test_TC2_negative_request_value;test_TC3_nan_value;test_TC4_infinite_value;test_TC5_resources_not_dict;test_TC6_requests_not_list;test_TC7_request_item_not_dict;test_TC10_resource_key_not_string;test_TC11_request_key_not_string;test_TC12_missing_resource_type;test_TC13_empty_resource_dict_invalid;test_TC14_none_resources;test_TC21_zero_and_negative_mix;test_TC22_valid_zero_values;test_TC23_request_with_extra_invalid_key;test_TC27_empty_requests_invalid_resources;test_TC29_invalid_float_nan_request;test_TC30_one_resource_must_remain_false;test_TC33_multi_resource_exact_cpu,14,19,1,0,0,0,0,0,1,S0033
G2,B,test_TC5_resources_not_dict;test_TC8_resource_value_not_number;test_TC9_request_value_not_number;test_TC14_none_resources;test_TC15_none_requests;test_TC16_nested_invalid_request;test_TC17_list_inside_request_value;test_TC18_tuple_inside_request_value;test_TC19_valid_simple_case;test_TC20_valid_multi_resource;test_TC24_string_number;test_TC25_string_number_in_request;test_TC26_empty_requests_valid;test_TC28_valid_float;test_TC31_one_resource_must_remain_true;test_TC32_multi_resource_exact_cpu,test_TC1_negative_resource_value;test_TC2_negative_request_value;test_TC3_nan_value;test_TC4_infinite_value;test_TC6_requests_not_list;test_TC7_request_item_not_dict;test_TC10_resource_key_not_string;test_TC11_request_key_not_string;test_TC12_missing_resource_type;test_TC13_empty_resource_dict_invalid;test_TC21_zero_and_negative_mix;test_TC22_valid_zero_values;test_TC23_request_with_extra_invalid_key;test_TC27_empty_requests_invalid_resources;test_TC29_invalid_float_nan_request;test_TC30_one_resource_must_remain_false;test_TC33_multi_resource_exact_cpu,16,17,1,0,0,0,0,0,1,S0034
G2,B,test_TC8_resource_value_not_number;test_TC9_request_value_not_number;test_TC15_none_requests;test_TC16_nested_invalid_request;test_TC17_list_inside_request_value;test_TC18_tuple_inside_request_value;test_TC19_valid_simple_case;test_TC20_valid_multi_resource;test_TC24_string_number;test_TC25_string_number_in_request;test_TC26_empty_requests_valid;test_TC28_valid_float;test_TC31_one_resource_must_remain_true;test_TC32_multi_resource_exact_cpu,test_TC1_negative_resource_value;test_TC2_negative_request_value;test_TC3_nan_value;test_TC4_infinite_value;test_TC5_resources_not_dict;test_TC6_requests_not_list;test_TC7_request_item_not_dict;test_TC10_resource_key_not_string;test_TC11_request_key_not_string;test_TC12_missing_resource_type;test_TC13_empty_resource_dict_invalid;test_TC14_none_resources;test_TC21_zero_and_negative_mix;test_TC22_valid_zero_values;test_TC23_request_with_extra_invalid_key;test_TC27_empty_requests_invalid_resources;test_TC29_invalid_float_nan_request;test_TC30_one_resource_must_remain_false;test_TC33_multi_resource_exact_cpu,14,19,1,0,0,0,0,0,1,S0035
G2,B,test_TC8_resource_value_not_number;test_TC9_request_value_not_number;test_TC15_none_requests;test_TC16_nested_invalid_request;test_TC17_list_inside_request_value;test_TC18_tuple_inside_request_value;test_TC19_valid_simple_case;test_TC20_valid_multi_resource;test_TC24_string_number;test_TC25_string_number_in_request;test_TC26_empty_requests_valid;test_TC28_valid_float;test_TC31_one_resource_must_remain_true;test_TC32_multi_resource_exact_cpu,test_TC1_negative_resource_value;test_TC2_negative_request_value;test_TC3_nan_value;test_TC4_infinite_value;test_TC5_resources_not_dict;test_TC6_requests_not_list;test_TC7_request_item_not_dict;test_TC10_resource_key_not_string;test_TC11_request_key_not_string;test_TC12_missing_resource_type;test_TC13_empty_resource_dict_invalid;test_TC14_none_resources;test_TC21_zero_and_negative_mix;test_TC22_valid_zero_values;test_TC23_request_with_extra_invalid_key;test_TC27_empty_requests_invalid_resources;test_TC29_invalid_float_nan_request;test_TC30_one_resource_must_remain_false;test_TC33_multi_resource_exact_cpu,14,19,1,0,0,0,0,0,1,S0036
G2,A,test_TC7_meeting_exceeds_working_hours;test_TC11_friday_long_meeting;test_TC14_event_full_day;test_TC15_negative_duration;test_TC16_invalid_time_format;test_TC17_invalid_event_interval;test_TC19_multiple_windows_order;test_TC20_many_events;test_TC23_empty_day_duration_fills_last_slot;test_TC26_lunch_break_blocked;test_TC27_start_after_lunch_allowed;test_TC28_buffer_after_event;test_TC30_meeting_duration_multiple_of_30[30-True];test_TC30_meeting_duration_multiple_of_30[60-True],test_TC1_empty_day;test_TC2_single_event_midday;test_TC3_multiple_nonoverlapping_events;test_TC4_overlapping_events;test_TC5_adjacent_events;test_TC6_meeting_fits_morning;test_TC8_event_partial_outside_hours;test_TC9_friday_cutoff;test_TC10_friday_event_ends_at_cutoff;test_TC12_granularity_15min;test_TC13_short_duration;test_TC18_invalid_date;test_TC21_small_gaps_between_events;test_TC22_friday_overlap_long_meeting;test_TC24_friday_event_partial_cutoff;test_TC25_multiple_consecutive_overlaps;test_TC29_zero_duration_meeting;test_TC30_meeting_duration_multiple_of_30[45-False];test_TC30_meeting_duration_multiple_of_30[20-False],14,19,1,0,0,0,0,0,1,S0037
G2,A,test_TC7_meeting_exceeds_working_hours;test_TC11_friday_long_meeting;test_TC14_event_full_day;test_TC16_invalid_time_format;test_TC19_multiple_windows_order;test_TC23_empty_day_duration_fills_last_slot;test_TC26_lunch_break_blocked;test_TC27_start_after_lunch_allowed;test_TC30_meeting_duration_multiple_of_30[30-True];test_TC30_meeting_duration_multiple_of_30[60-True],test_TC1_empty_day;test_TC2_single_event_midday;test_TC3_multiple_nonoverlapping_events;test_TC4_overlapping_events;test_TC5_adjacent_events;test_TC6_meeting_fits_morning;test_TC8_event_partial_outside_hours;test_TC9_friday_cutoff;test_TC10_friday_event_ends_at_cutoff;test_TC12_granularity_15min;test_TC13_short_duration;test_TC15_negative_duration;test_TC17_invalid_event_interval;test_TC18_invalid_date;test_TC20_many_events;test_TC21_small_gaps_between_events;test_TC22_friday_overlap_long_meeting;test_TC24_friday_event_partial_cutoff;test_TC25_multiple_consecutive_overlaps;test_TC28_buffer_after_event;test_TC29_zero_duration_meeting;test_TC30_meeting_duration_multiple_of_30[45-False];test_TC30_meeting_duration_multiple_of_30[20-False],10,23,1,0,0,0,0,0,1,S0038
G2,A,test_TC7_meeting_exceeds_working_hours;test_TC11_friday_long_meeting;test_TC14_event_full_day;test_TC16_invalid_time_format;test_TC19_multiple_windows_order;test_TC23_empty_day_duration_fills_last_slot;test_TC26_lunch_break_blocked;test_TC27_start_after_lunch_allowed;test_TC29_zero_duration_meeting;test_TC30_meeting_duration_multiple_of_30[30-True];test_TC30_meeting_duration_multiple_of_30[60-True],test_TC1_empty_day;test_TC2_single_event_midday;test_TC3_multiple_nonoverlapping_events;test_TC4_overlapping_events;test_TC5_adjacent_events;test_TC6_meeting_fits_morning;test_TC8_event_partial_outside_hours;test_TC9_friday_cutoff;test_TC10_friday_event_ends_at_cutoff;test_TC12_granularity_15min;test_TC13_short_duration;test_TC15_negative_duration;test_TC17_invalid_event_interval;test_TC18_invalid_date;test_TC20_many_events;test_TC21_small_gaps_between_events;test_TC22_friday_overlap_long_meeting;test_TC24_friday_event_partial_cutoff;test_TC25_multiple_consecutive_overlaps;test_TC28_buffer_after_event;test_TC30_meeting_duration_multiple_of_30[45-False];test_TC30_meeting_duration_multiple_of_30[20-False],11,22,1,0,0,0,0,0,1,S0039
G2,A,test_TC7_meeting_exceeds_working_hours;test_TC11_friday_long_meeting;test_TC13_short_duration;test_TC14_event_full_day;test_TC16_invalid_time_format;test_TC19_multiple_windows_order;test_TC20_many_events;test_TC23_empty_day_duration_fills_last_slot;test_TC26_lunch_break_blocked;test_TC27_start_after_lunch_allowed;test_TC28_buffer_after_event;test_TC29_zero_duration_meeting;test_TC30_meeting_duration_multiple_of_30[30-True];test_TC30_meeting_duration_multiple_of_30[60-True];test_TC30_meeting_duration_multiple_of_30[45-False];test_TC30_meeting_duration_multiple_of_30[20-False],test_TC1_empty_day;test_TC2_single_event_midday;test_TC3_multiple_nonoverlapping_events;test_TC4_overlapping_events;test_TC5_adjacent_events;test_TC6_meeting_fits_morning;test_TC8_event_partial_outside_hours;test_TC9_friday_cutoff;test_TC10_friday_event_ends_at_cutoff;test_TC12_granularity_15min;test_TC15_negative_duration;test_TC17_invalid_event_interval;test_TC18_invalid_date;test_TC21_small_gaps_between_events;test_TC22_friday_overlap_long_meeting;test_TC24_friday_event_partial_cutoff;test_TC25_multiple_consecutive_overlaps,16,17,1,0,0,0,0,0,1,S0040
G2,A,test_TC7_meeting_exceeds_working_hours;test_TC11_friday_long_meeting;test_TC14_event_full_day;test_TC16_invalid_time_format;test_TC19_multiple_windows_order;test_TC23_empty_day_duration_fills_last_slot;test_TC26_lunch_break_blocked;test_TC30_meeting_duration_multiple_of_30[30-True];test_TC30_meeting_duration_multiple_of_30[60-True],test_TC1_empty_day;test_TC2_single_event_midday;test_TC3_multiple_nonoverlapping_events;test_TC4_overlapping_events;test_TC5_adjacent_events;test_TC6_meeting_fits_morning;test_TC8_event_partial_outside_hours;test_TC9_friday_cutoff;test_TC10_friday_event_ends_at_cutoff;test_TC12_granularity_15min;test_TC13_short_duration;test_TC15_negative_duration;test_TC17_invalid_event_interval;test_TC18_invalid_date;test_TC20_many_events;test_TC21_small_gaps_between_events;test_TC22_friday_overlap_long_meeting;test_TC24_friday_event_partial_cutoff;test_TC25_multiple_consecutive_overlaps;test_TC27_start_after_lunch_allowed;test_TC28_buffer_after_event;test_TC29_zero_duration_meeting;test_TC30_meeting_duration_multiple_of_30[45-False];test_TC30_meeting_duration_multiple_of_30[20-False],9,24,1,0,0,0,0,0,1,S0041
G2,A,test_TC7_meeting_exceeds_working_hours;test_TC11_friday_long_meeting;test_TC14_event_full_day;test_TC16_invalid_time_format;test_TC19_multiple_windows_order;test_TC20_many_events;test_TC23_empty_day_duration_fills_last_slot;test_TC26_lunch_break_blocked;test_TC27_start_after_lunch_allowed;test_TC28_buffer_after_event;test_TC30_meeting_duration_multiple_of_30[30-True];test_TC30_meeting_duration_multiple_of_30[60-True],test_TC1_empty_day;test_TC2_single_event_midday;test_TC3_multiple_nonoverlapping_events;test_TC4_overlapping_events;test_TC5_adjacent_events;test_TC6_meeting_fits_morning;test_TC8_event_partial_outside_hours;test_TC9_friday_cutoff;test_TC10_friday_event_ends_at_cutoff;test_TC12_granularity_15min;test_TC13_short_duration;test_TC15_negative_duration;test_TC17_invalid_event_interval;test_TC18_invalid_date;test_TC21_small_gaps_between_events;test_TC22_friday_overlap_long_meeting;test_TC24_friday_event_partial_cutoff;test_TC25_multiple_consecutive_overlaps;test_TC29_zero_duration_meeting;test_TC30_meeting_duration_multiple_of_30[45-False];test_TC30_meeting_duration_multiple_of_30[20-False],12,21,1,0,0,0,0,0,1,S0042
G2,A,test_TC7_meeting_exceeds_working_hours;test_TC11_friday_long_meeting;test_TC14_event_full_day;test_TC16_invalid_time_format;test_TC19_multiple_windows_order;test_TC23_empty_day_duration_fills_last_slot;test_TC26_lunch_break_blocked;test_TC27_start_after_lunch_allowed;test_TC30_meeting_duration_multiple_of_30[30-True];test_TC30_meeting_duration_multiple_of_30[60-True],test_TC1_empty_day;test_TC2_single_event_midday;test_TC3_multiple_nonoverlapping_events;test_TC4_overlapping_events;test_TC5_adjacent_events;test_TC6_meeting_fits_morning;test_TC8_event_partial_outside_hours;test_TC9_friday_cutoff;test_TC10_friday_event_ends_at_cutoff;test_TC12_granularity_15min;test_TC13_short_duration;test_TC15_negative_duration;test_TC17_invalid_event_interval;test_TC18_invalid_date;test_TC20_many_events;test_TC21_small_gaps_between_events;test_TC22_friday_overlap_long_meeting;test_TC24_friday_event_partial_cutoff;test_TC25_multiple_consecutive_overlaps;test_TC28_buffer_after_event;test_TC29_zero_duration_meeting;test_TC30_meeting_duration_multiple_of_30[45-False];test_TC30_meeting_duration_multiple_of_30[20-False],10,23,1,0,0,0,0,0,1,S0043
G2,A,test_TC7_meeting_exceeds_working_hours;test_TC11_friday_long_meeting;test_TC14_event_full_day;test_TC16_invalid_time_format;test_TC19_multiple_windows_order;test_TC20_many_events;test_TC23_empty_day_duration_fills_last_slot;test_TC26_lunch_break_blocked;test_TC27_start_after_lunch_allowed;test_TC28_buffer_after_event;test_TC30_meeting_duration_multiple_of_30[30-True];test_TC30_meeting_duration_multiple_of_30[60-True],test_TC1_empty_day;test_TC2_single_event_midday;test_TC3_multiple_nonoverlapping_events;test_TC4_overlapping_events;test_TC5_adjacent_events;test_TC6_meeting_fits_morning;test_TC8_event_partial_outside_hours;test_TC9_friday_cutoff;test_TC10_friday_event_ends_at_cutoff;test_TC12_granularity_15min;test_TC13_short_duration;test_TC15_negative_duration;test_TC17_invalid_event_interval;test_TC18_invalid_date;test_TC21_small_gaps_between_events;test_TC22_friday_overlap_long_meeting;test_TC24_friday_event_partial_cutoff;test_TC25_multiple_consecutive_overlaps;test_TC29_zero_duration_meeting;test_TC30_meeting_duration_multiple_of_30[45-False];test_TC30_meeting_duration_multiple_of_30[20-False],12,21,1,0,0,0,0,0,1,S0044
G2,A,test_TC7_meeting_exceeds_working_hours;test_TC11_friday_long_meeting;test_TC13_short_duration;test_TC14_event_full_day;test_TC15_negative_duration;test_TC16_invalid_time_format;test_TC17_invalid_event_interval;test_TC18_invalid_date;test_TC19_multiple_windows_order;test_TC23_empty_day_duration_fills_last_slot;test_TC26_lunch_break_blocked;test_TC27_start_after_lunch_allowed;test_TC29_zero_duration_meeting;test_TC30_meeting_duration_multiple_of_30[30-True];test_TC30_meeting_duration_multiple_of_30[60-True],test_TC1_empty_day;test_TC2_single_event_midday;test_TC3_multiple_nonoverlapping_events;test_TC4_overlapping_events;test_TC5_adjacent_events;test_TC6_meeting_fits_morning;test_TC8_event_partial_outside_hours;test_TC9_friday_cutoff;test_TC10_friday_event_ends_at_cutoff;test_TC12_granularity_15min;test_TC20_many_events;test_TC21_small_gaps_between_events;test_TC22_friday_overlap_long_meeting;test_TC24_friday_event_partial_cutoff;test_TC25_multiple_consecutive_overlaps;test_TC28_buffer_after_event;test_TC30_meeting_duration_multiple_of_30[45-False];test_TC30_meeting_duration_multiple_of_30[20-False],15,18,1,0,0,0,0,0,1,S0045
G2,A,test_TC7_meeting_exceeds_working_hours;test_TC11_friday_long_meeting;test_TC13_short_duration;test_TC14_event_full_day;test_TC15_negative_duration;test_TC16_invalid_time_format;test_TC19_multiple_windows_order;test_TC23_empty_day_duration_fills_last_slot;test_TC29_zero_duration_meeting;test_TC30_meeting_duration_multiple_of_30[30-True];test_TC30_meeting_duration_multiple_of_30[60-True],test_TC1_empty_day;test_TC2_single_event_midday;test_TC3_multiple_nonoverlapping_events;test_TC4_overlapping_events;test_TC5_adjacent_events;test_TC6_meeting_fits_morning;test_TC8_event_partial_outside_hours;test_TC9_friday_cutoff;test_TC10_friday_event_ends_at_cutoff;test_TC12_granularity_15min;test_TC17_invalid_event_interval;test_TC18_invalid_date;test_TC20_many_events;test_TC21_small_gaps_between_events;test_TC22_friday_overlap_long_meeting;test_TC24_friday_event_partial_cutoff;test_TC25_multiple_consecutive_overlaps;test_TC26_lunch_break_blocked;test_TC27_start_after_lunch_allowed;test_TC28_buffer_after_event;test_TC30_meeting_duration_multiple_of_30[45-False];test_TC30_meeting_duration_multiple_of_30[20-False],11,22,1,0,0,0,0,0,1,S0046
G2,A,test_TC7_meeting_exceeds_working_hours;test_TC11_friday_long_meeting;test_TC14_event_full_day;test_TC19_multiple_windows_order;test_TC23_empty_day_duration_fills_last_slot;test_TC26_lunch_break_blocked;test_TC27_start_after_lunch_allowed;test_TC29_zero_duration_meeting;test_TC30_meeting_duration_multiple_of_30[30-True];test_TC30_meeting_duration_multiple_of_30[60-True],test_TC1_empty_day;test_TC2_single_event_midday;test_TC3_multiple_nonoverlapping_events;test_TC4_overlapping_events;test_TC5_adjacent_events;test_TC6_meeting_fits_morning;test_TC8_event_partial_outside_hours;test_TC9_friday_cutoff;test_TC10_friday_event_ends_at_cutoff;test_TC12_granularity_15min;test_TC13_short_duration;test_TC15_negative_duration;test_TC16_invalid_time_format;test_TC17_invalid_event_interval;test_TC18_invalid_date;test_TC20_many_events;test_TC21_small_gaps_between_events;test_TC22_friday_overlap_long_meeting;test_TC24_friday_event_partial_cutoff;test_TC25_multiple_consecutive_overlaps;test_TC28_buffer_after_event;test_TC30_meeting_duration_multiple_of_30[45-False];test_TC30_meeting_duration_multiple_of_30[20-False],10,23,1,0,0,0,0,0,1,S0047
G2,A,test_TC2_single_event_midday;test_TC7_meeting_exceeds_working_hours;test_TC11_friday_long_meeting;test_TC14_event_full_day;test_TC16_invalid_time_format;test_TC19_multiple_windows_order;test_TC20_many_events;test_TC23_empty_day_duration_fills_last_slot;test_TC26_lunch_break_blocked;test_TC27_start_after_lunch_allowed;test_TC28_buffer_after_event;test_TC29_zero_duration_meeting;test_TC30_meeting_duration_multiple_of_30[30-True];test_TC30_meeting_duration_multiple_of_30[60-True],test_TC1_empty_day;test_TC3_multiple_nonoverlapping_events;test_TC4_overlapping_events;test_TC5_adjacent_events;test_TC6_meeting_fits_morning;test_TC8_event_partial_outside_hours;test_TC9_friday_cutoff;test_TC10_friday_event_ends_at_cutoff;test_TC12_granularity_15min;test_TC13_short_duration;test_TC15_negative_duration;test_TC17_invalid_event_interval;test_TC18_invalid_date;test_TC21_small_gaps_between_events;test_TC22_friday_overlap_long_meeting;test_TC24_friday_event_partial_cutoff;test_TC25_multiple_consecutive_overlaps;test_TC30_meeting_duration_multiple_of_30[45-False];test_TC30_meeting_duration_multiple_of_30[20-False],14,19,1,0,0,0,0,0,1,S0048
G3,A,test_TC7_meeting_exceeds_working_hours;test_TC11_friday_long_meeting;test_TC14_event_full_day;test_TC16_invalid_time_format;test_TC19_multiple_windows_order;test_TC20_many_events;test_TC23_empty_day_duration_fills_last_slot;test_TC26_lunch_break_blocked;test_TC27_start_after_lunch_allowed;test_TC28_buffer_after_event;test_TC29_zero_duration_meeting;test_TC30_meeting_duration_multiple_of_30[30-True];test_TC30_meeting_duration_multiple_of_30[60-True],test_TC1_empty_day;test_TC2_single_event_midday;test_TC3_multiple_nonoverlapping_events;test_TC4_overlapping_events;test_TC5_adjacent_events;test_TC6_meeting_fits_morning;test_TC8_event_partial_outside_hours;test_TC9_friday_cutoff;test_TC10_friday_event_ends_at_cutoff;test_TC12_granularity_15min;test_TC13_short_duration;test_TC15_negative_duration;test_TC17_invalid_event_interval;test_TC18_invalid_date;test_TC21_small_gaps_between_events;test_TC22_friday_overlap_long_meeting;test_TC24_friday_event_partial_cutoff;test_TC25_multiple_consecutive_overlaps;test_TC30_meeting_duration_multiple_of_30[45-False];test_TC30_meeting_duration_multiple_of_30[20-False],13,20,0,1,1,1,1,1,1,S0049
G3,B,,test_TC1_negative_resource_value;test_TC2_negative_request_value;test_TC3_nan_value;test_TC4_infinite_value;test_TC5_resources_not_dict;test_TC6_requests_not_list;test_TC7_request_item_not_dict;test_TC8_resource_value_not_number;test_TC9_request_value_not_number;test_TC10_resource_key_not_string;test_TC11_request_key_not_string;test_TC12_missing_resource_type;test_TC13_empty_resource_dict_invalid;test_TC14_none_resources;test_TC15_none_requests;test_TC16_nested_invalid_request;test_TC17_list_inside_request_value;test_TC18_tuple_inside_request_value;test_TC19_valid_simple_case;test_TC20_valid_multi_resource;test_TC21_zero_and_negative_mix;test_TC22_valid_zero_values;test_TC23_request_with_extra_invalid_key;test_TC24_string_number;test_TC25_string_number_in_request;test_TC26_empty_requests_valid;test_TC27_empty_requests_invalid_resources;test_TC28_valid_float;test_TC29_invalid_float_nan_request;test_TC30_one_resource_must_remain_false;test_TC31_one_resource_must_remain_true;test_TC32_multi_resource_exact_cpu;test_TC33_multi_resource_exact_cpu,0,33,0,1,1,1,1,1,1,S0050
G3,B,test_TC8_resource_value_not_number;test_TC9_request_value_not_number;test_TC15_none_requests;test_TC16_nested_invalid_request;test_TC17_list_inside_request_value;test_TC18_tuple_inside_request_value;test_TC19_valid_simple_case;test_TC20_valid_multi_resource;test_TC24_string_number;test_TC25_string_number_in_request;test_TC26_empty_requests_valid;test_TC28_valid_float;test_TC31_one_resource_must_remain_true;test_TC32_multi_resource_exact_cpu,test_TC1_negative_resource_value;test_TC2_negative_request_value;test_TC3_nan_value;test_TC4_infinite_value;test_TC5_resources_not_dict;test_TC6_requests_not_list;test_TC7_request_item_not_dict;test_TC10_resource_key_not_string;test_TC11_request_key_not_string;test_TC12_missing_resource_type;test_TC13_empty_resource_dict_invalid;test_TC14_none_resources;test_TC21_zero_and_negative_mix;test_TC22_valid_zero_values;test_TC23_request_with_extra_invalid_key;test_TC27_empty_requests_invalid_resources;test_TC29_invalid_float_nan_request;test_TC30_one_resource_must_remain_false;test_TC33_multi_resource_exact_cpu,14,19,0,1,1,1,1,1,1,S0051
G3,B,test_TC8_resource_value_not_number;test_TC15_none_requests;test_TC19_valid_simple_case;test_TC20_valid_multi_resource;test_TC24_string_number;test_TC26_empty_requests_valid;test_TC28_valid_float;test_TC31_one_resource_must_remain_true;test_TC32_multi_resource_exact_cpu,test_TC1_negative_resource_value;test_TC2_negative_request_value;test_TC3_nan_value;test_TC4_infinite_value;test_TC5_resources_not_dict;test_TC6_requests_not_list;test_TC7_request_item_not_dict;test_TC9_request_value_not_number;test_TC10_resource_key_not_string;test_TC11_request_key_not_string;test_TC12_missing_resource_type;test_TC13_empty_resource_dict_invalid;test_TC14_none_resources;test_TC16_nested_invalid_request;test_TC17_list_inside_request_value;test_TC18_tuple_inside_request_value;test_TC21_zero_and_negative_mix;test_TC22_valid_zero_values;test_TC23_request_with_extra_invalid_key;test_TC25_string_number_in_request;test_TC27_empty_requests_invalid_resources;test_TC29_invalid_float_nan_request;test_TC30_one_resource_must_remain_false;test_TC33_multi_resource_exact_cpu,9,24,0,1,1,1,1,1,1,S0052
G3,A,test_TC7_meeting_exceeds_working_hours;test_TC11_friday_long_meeting;test_TC14_event_full_day;test_TC15_negative_duration;test_TC16_invalid_time_format;test_TC17_invalid_event_interval;test_TC19_multiple_windows_order;test_TC20_many_events;test_TC23_empty_day_duration_fills_last_slot;test_TC26_lunch_break_blocked;test_TC27_start_after_lunch_allowed;test_TC28_buffer_after_event;test_TC29_zero_duration_meeting;test_TC30_meeting_duration_multiple_of_30[30-True];test_TC30_meeting_duration_multiple_of_30[60-True],test_TC1_empty_day;test_TC2_single_event_midday;test_TC3_multiple_nonoverlapping_events;test_TC4_overlapping_events;test_TC5_adjacent_events;test_TC6_meeting_fits_morning;test_TC8_event_partial_outside_hours;test_TC9_friday_cutoff;test_TC10_friday_event_ends_at_cutoff;test_TC12_granularity_15min;test_TC13_short_duration;test_TC18_invalid_date;test_TC21_small_gaps_between_events;test_TC22_friday_overlap_long_meeting;test_TC24_friday_event_partial_cutoff;test_TC25_multiple_consecutive_overlaps;test_TC30_meeting_duration_multiple_of_30[45-False];test_TC30_meeting_duration_multiple_of_30[20-False],15,18,0,1,1,1,1,1,1,S0053
G3,A,test_TC7_meeting_exceeds_working_hours;test_TC11_friday_long_meeting;test_TC13_short_duration;test_TC14_event_full_day;test_TC15_negative_duration;test_TC16_invalid_time_format;test_TC17_invalid_event_interval;test_TC18_invalid_date;test_TC19_multiple_windows_order;test_TC20_many_events;test_TC23_empty_day_duration_fills_last_slot;test_TC26_lunch_break_blocked;test_TC27_start_after_lunch_allowed;test_TC29_zero_duration_meeting;test_TC30_meeting_duration_multiple_of_30[30-True];test_TC30_meeting_duration_multiple_of_30[60-True];test_TC30_meeting_duration_multiple_of_30[45-False];test_TC30_meeting_duration_multiple_of_30[20-False],test_TC1_empty_day;test_TC2_single_event_midday;test_TC3_multiple_nonoverlapping_events;test_TC4_overlapping_events;test_TC5_adjacent_events;test_TC6_meeting_fits_morning;test_TC8_event_partial_outside_hours;test_TC9_friday_cutoff;test_TC10_friday_event_ends_at_cutoff;test_TC12_granularity_15min;test_TC21_small_gaps_between_events;test_TC22_friday_overlap_long_meeting;test_TC24_friday_event_partial_cutoff;test_TC25_multiple_consecutive_overlaps;test_TC28_buffer_after_event,18,15,0,1,1,1,1,1,1,S0054
G3,A,test_TC7_meeting_exceeds_working_hours;test_TC11_friday_long_meeting;test_TC13_short_duration;test_TC14_event_full_day;test_TC15_negative_duration;test_TC16_invalid_time_format;test_TC17_invalid_event_interval;test_TC18_invalid_date;test_TC19_multiple_windows_order;test_TC20_many_events;test_TC23_empty_day_duration_fills_last_slot;test_TC26_lunch_break_blocked;test_TC27_start_after_lunch_allowed;test_TC28_buffer_after_event;test_TC29_zero_duration_meeting;test_TC30_meeting_duration_multiple_of_30[30-True];test_TC30_meeting_duration_multiple_of_30[60-True];test_TC30_meeting_duration_multiple_of_30[45-False];test_TC30_meeting_duration_multiple_of_30[20-False],test_TC1_empty_day;test_TC2_single_event_midday;test_TC3_multiple_nonoverlapping_events;test_TC4_overlapping_events;test_TC5_adjacent_events;test_TC6_meeting_fits_morning;test_TC8_event_partial_outside_hours;test_TC9_friday_cutoff;test_TC10_friday_event_ends_at_cutoff;test_TC12_granularity_15min;test_TC21_small_gaps_between_events;test_TC22_friday_overlap_long_meeting;test_TC24_friday_event_partial_cutoff;test_TC25_multiple_consecutive_overlaps,19,14,0,1,1,1,1,1,1,S0055
G3,A,test_TC1_empty_day;test_TC2_single_event_midday;test_TC3_multiple_nonoverlapping_events;test_TC4_overlapping_events;test_TC5_adjacent_events;test_TC6_meeting_fits_morning;test_TC7_meeting_exceeds_working_hours;test_TC8_event_partial_outside_hours;test_TC10_friday_event_ends_at_cutoff;test_TC11_friday_long_meeting;test_TC12_granularity_15min;test_TC13_short_duration;test_TC14_event_full_day;test_TC15_negative_duration;test_TC16_invalid_time_format;test_TC17_invalid_event_interval;test_TC18_invalid_date;test_TC19_multiple_windows_order;test_TC20_many_events;test_TC21_small_gaps_between_events;test_TC22_friday_overlap_long_meeting;test_TC23_empty_day_duration_fills_last_slot;test_TC24_friday_event_partial_cutoff;test_TC25_multiple_consecutive_overlaps;test_TC26_lunch_break_blocked;test_TC27_start_after_lunch_allowed;test_TC28_buffer_after_event;test_TC29_zero_duration_meeting;test_TC30_meeting_duration_multiple_of_30[30-True];test_TC30_meeting_duration_multiple_of_30[60-True];test_TC30_meeting_duration_multiple_of_30[45-False];test_TC30_meeting_duration_multiple_of_30[20-False],test_TC9_friday_cutoff,32,1,0,0,1,1,1,0,1,S0056
G3,A,test_TC7_meeting_exceeds_working_hours;test_TC10_friday_event_ends_at_cutoff;test_TC11_friday_long_meeting;test_TC13_short_duration;test_TC14_event_full_day;test_TC15_negative_duration;test_TC16_invalid_time_format;test_TC17_invalid_event_interval;test_TC18_invalid_date;test_TC19_multiple_windows_order;test_TC20_many_events;test_TC22_friday_overlap_long_meeting;test_TC23_empty_day_duration_fills_last_slot;test_TC24_friday_event_partial_cutoff;test_TC26_lunch_break_blocked;test_TC27_start_after_lunch_allowed;test_TC28_buffer_after_event;test_TC29_zero_duration_meeting;test_TC30_meeting_duration_multiple_of_30[30-True];test_TC30_meeting_duration_multiple_of_30[60-True];test_TC30_meeting_duration_multiple_of_30[45-False];test_TC30_meeting_duration_multiple_of_30[20-False],test_TC1_empty_day;test_TC2_single_event_midday;test_TC3_multiple_nonoverlapping_events;test_TC4_overlapping_events;test_TC5_adjacent_events;test_TC6_meeting_fits_morning;test_TC8_event_partial_outside_hours;test_TC9_friday_cutoff;test_TC12_granularity_15min;test_TC21_small_gaps_between_events;test_TC25_multiple_consecutive_overlaps,22,11,0,1,1,1,1,1,1,S0057
G3,A,test_TC7_meeting_exceeds_working_hours;test_TC10_friday_event_ends_at_cutoff;test_TC11_friday_long_meeting;test_TC13_short_duration;test_TC14_event_full_day;test_TC15_negative_duration;test_TC16_invalid_time_format;test_TC17_invalid_event_interval;test_TC18_invalid_date;test_TC19_multiple_windows_order;test_TC20_many_events;test_TC22_friday_overlap_long_meeting;test_TC23_empty_day_duration_fills_last_slot;test_TC24_friday_event_partial_cutoff;test_TC26_lunch_break_blocked;test_TC27_start_after_lunch_allowed;test_TC28_buffer_after_event;test_TC29_zero_duration_meeting;test_TC30_meeting_duration_multiple_of_30[30-True];test_TC30_meeting_duration_multiple_of_30[60-True];test_TC30_meeting_duration_multiple_of_30[45-False];test_TC30_meeting_duration_multiple_of_30[20-False],test_TC1_empty_day;test_TC2_single_event_midday;test_TC3_multiple_nonoverlapping_events;test_TC4_overlapping_events;test_TC5_adjacent_events;test_TC6_meeting_fits_morning;test_TC8_event_partial_outside_hours;test_TC9_friday_cutoff;test_TC12_granularity_15min;test_TC21_small_gaps_between_events;test_TC25_multiple_consecutive_overlaps,22,11,0,1,1,1,1,1,1,S0058
G3,A,test_TC7_meeting_exceeds_working_hours;test_TC11_friday_long_meeting;test_TC13_short_duration;test_TC14_event_full_day;test_TC15_negative_duration;test_TC16_invalid_time_format;test_TC17_invalid_event_interval;test_TC18_invalid_date;test_TC19_multiple_windows_order;test_TC20_many_events;test_TC23_empty_day_duration_fills_last_slot;test_TC26_lunch_break_blocked;test_TC27_start_after_lunch_allowed;test_TC28_buffer_after_event;test_TC29_zero_duration_meeting;test_TC30_meeting_duration_multiple_of_30[30-True];test_TC30_meeting_duration_multiple_of_30[60-True];test_TC30_meeting_duration_multiple_of_30[45-False];test_TC30_meeting_duration_multiple_of_30[20-False],test_TC1_empty_day;test_TC2_single_event_midday;test_TC3_multiple_nonoverlapping_events;test_TC4_overlapping_events;test_TC5_adjacent_events;test_TC6_meeting_fits_morning;test_TC8_event_partial_outside_hours;test_TC9_friday_cutoff;test_TC10_friday_event_ends_at_cutoff;test_TC12_granularity_15min;test_TC21_small_gaps_between_events;test_TC22_friday_overlap_long_meeting;test_TC24_friday_event_partial_cutoff;test_TC25_multiple_consecutive_overlaps,19,14,0,0,1,1,1,1,1,S0059
G3,A,test_TC7_meeting_exceeds_working_hours;test_TC10_friday_event_ends_at_cutoff;test_TC11_friday_long_meeting;test_TC13_short_duration;test_TC14_event_full_day;test_TC15_negative_duration;test_TC16_invalid_time_format;test_TC17_invalid_event_interval;test_TC18_invalid_date;test_TC19_multiple_windows_order;test_TC20_many_events;test_TC22_friday_overlap_long_meeting;test_TC23_empty_day_duration_fills_last_slot;test_TC24_friday_event_partial_cutoff;test_TC26_lunch_break_blocked;test_TC27_start_after_lunch_allowed;test_TC28_buffer_after_event;test_TC29_zero_duration_meeting;test_TC30_meeting_duration_multiple_of_30[30-True];test_TC30_meeting_duration_multiple_of_30[60-True];test_TC30_meeting_duration_multiple_of_30[45-False];test_TC30_meeting_duration_multiple_of_30[20-False],test_TC1_empty_day;test_TC2_single_event_midday;test_TC3_multiple_nonoverlapping_events;test_TC4_overlapping_events;test_TC5_adjacent_events;test_TC6_meeting_fits_morning;test_TC8_event_partial_outside_hours;test_TC9_friday_cutoff;test_TC12_granularity_15min;test_TC21_small_gaps_between_events;test_TC25_multiple_consecutive_overlaps,22,11,0,0,1,1,1,1,1,S0060
G3,A,test_TC7_meeting_exceeds_working_hours;test_TC11_friday_long_meeting;test_TC13_short_duration;test_TC14_event_full_day;test_TC15_negative_duration;test_TC16_invalid_time_format;test_TC17_invalid_event_interval;test_TC18_invalid_date;test_TC19_multiple_windows_order;test_TC20_many_events;test_TC23_empty_day_duration_fills_last_slot;test_TC26_lunch_break_blocked;test_TC27_start_after_lunch_allowed;test_TC28_buffer_after_event;test_TC29_zero_duration_meeting;test_TC30_meeting_duration_multiple_of_30[30-True];test_TC30_meeting_duration_multiple_of_30[60-True];test_TC30_meeting_duration_multiple_of_30[45-False];test_TC30_meeting_duration_multiple_of_30[20-False],test_TC1_empty_day;test_TC2_single_event_midday;test_TC3_multiple_nonoverlapping_events;test_TC4_overlapping_events;test_TC5_adjacent_events;test_TC6_meeting_fits_morning;test_TC8_event_partial_outside_hours;test_TC9_friday_cutoff;test_TC10_friday_event_ends_at_cutoff;test_TC12_granularity_15min;test_TC21_small_gaps_between_events;test_TC22_friday_overlap_long_meeting;test_TC24_friday_event_partial_cutoff;test_TC25_multiple_consecutive_overlaps,19,14,0,1,1,1,1,1,1,S0061
G3,A,test_TC7_meeting_exceeds_working_hours;test_TC11_friday_long_meeting;test_TC13_short_duration;test_TC14_event_full_day;test_TC15_negative_duration;test_TC16_invalid_time_format;test_TC17_invalid_event_interval;test_TC18_invalid_date;test_TC19_multiple_windows_order;test_TC20_many_events;test_TC23_empty_day_duration_fills_last_slot;test_TC26_lunch_break_blocked;test_TC27_start_after_lunch_allowed;test_TC28_buffer_after_event;test_TC29_zero_duration_meeting;test_TC30_meeting_duration_multiple_of_30[30-True];test_TC30_meeting_duration_multiple_of_30[60-True];test_TC30_meeting_duration_multiple_of_30[45-False];test_TC30_meeting_duration_multiple_of_30[20-False],test_TC1_empty_day;test_TC2_single_event_midday;test_TC3_multiple_nonoverlapping_events;test_TC4_overlapping_events;test_TC5_adjacent_events;test_TC6_meeting_fits_morning;test_TC8_event_partial_outside_hours;test_TC9_friday_cutoff;test_TC10_friday_event_ends_at_cutoff;test_TC12_granularity_15min;test_TC21_small_gaps_between_events;test_TC22_friday_overlap_long_meeting;test_TC24_friday_event_partial_cutoff;test_TC25_multiple_consecutive_overlaps,19,14,0,1,1,1,1,1,1,S0062
G3,A,test_TC1_empty_day;test_TC2_single_event_midday;test_TC3_multiple_nonoverlapping_events;test_TC4_overlapping_events;test_TC5_adjacent_events;test_TC6_meeting_fits_morning;test_TC7_meeting_exceeds_working_hours;test_TC8_event_partial_outside_hours;test_TC9_friday_cutoff;test_TC10_friday_event_ends_at_cutoff;test_TC11_friday_long_meeting;test_TC12_granularity_15min;test_TC13_short_duration;test_TC14_event_full_day;test_TC15_negative_duration;test_TC16_invalid_time_format;test_TC17_invalid_event_interval;test_TC18_invalid_date;test_TC19_multiple_windows_order;test_TC20_many_events;test_TC21_small_gaps_between_events;test_TC22_friday_overlap_long_meeting;test_TC23_empty_day_duration_fills_last_slot;test_TC24_friday_event_partial_cutoff;test_TC25_multiple_consecutive_overlaps;test_TC26_lunch_break_blocked;test_TC27_start_after_lunch_allowed;test_TC28_buffer_after_event;test_TC29_zero_duration_meeting;test_TC30_meeting_duration_multiple_of_30[30-True];test_TC30_meeting_duration_multiple_of_30[60-True];test_TC30_meeting_duration_multiple_of_30[45-False];test_TC30_meeting_duration_multiple_of_30[20-False],,33,0,0,0,1,1,1,1,1,S0063
G3,B,test_TC1_negative_resource_value;test_TC2_negative_request_value;test_TC3_nan_value;test_TC4_infinite_value;test_TC5_resources_not_dict;test_TC6_requests_not_list;test_TC7_request_item_not_dict;test_TC8_resource_value_not_number;test_TC9_request_value_not_number;test_TC10_resource_key_not_string;test_TC11_request_key_not_string;test_TC12_missing_resource_type;test_TC13_empty_resource_dict_invalid;test_TC14_none_resources;test_TC15_none_requests;test_TC16_nested_invalid_request;test_TC17_list_inside_request_value;test_TC18_tuple_inside_request_value;test_TC19_valid_simple_case;test_TC20_valid_multi_resource;test_TC21_zero_and_negative_mix;test_TC23_request_with_extra_invalid_key;test_TC24_string_number;test_TC25_string_number_in_request;test_TC26_empty_requests_valid;test_TC27_empty_requests_invalid_resources;test_TC28_valid_float;test_TC29_invalid_float_nan_request;test_TC31_one_resource_must_remain_true;test_TC32_multi_resource_exact_cpu,test_TC22_valid_zero_values;test_TC30_one_resource_must_remain_false;test_TC33_multi_resource_exact_cpu,30,3,0,1,1,1,1,1,1,S0064
G3,B,test_TC1_negative_resource_value;test_TC2_negative_request_value;test_TC3_nan_value;test_TC4_infinite_value;test_TC5_resources_not_dict;test_TC6_requests_not_list;test_TC7_request_item_not_dict;test_TC8_resource_value_not_number;test_TC9_request_value_not_number;test_TC10_resource_key_not_string;test_TC11_request_key_not_string;test_TC12_missing_resource_type;test_TC13_empty_resource_dict_invalid;test_TC14_none_resources;test_TC15_none_requests;test_TC16_nested_invalid_request;test_TC17_list_inside_request_value;test_TC18_tuple_inside_request_value;test_TC19_valid_simple_case;test_TC20_valid_multi_resource;test_TC21_zero_and_negative_mix;test_TC23_request_with_extra_invalid_key;test_TC24_string_number;test_TC25_string_number_in_request;test_TC26_empty_requests_valid;test_TC27_empty_requests_invalid_resources;test_TC28_valid_float;test_TC29_invalid_float_nan_request;test_TC31_one_resource_must_remain_true;test_TC32_multi_resource_exact_cpu,test_TC22_valid_zero_values;test_TC30_one_resource_must_remain_false;test_TC33_multi_resource_exact_cpu,30,3,0,0,1,1,1,0,1,S0065
G3,B,test_TC1_negative_resource_value;test_TC2_negative_request_value;test_TC3_nan_value;test_TC6_requests_not_list;test_TC7_request_item_not_dict;test_TC8_resource_value_not_number;test_TC9_request_value_not_number;test_TC12_missing_resource_type;test_TC13_empty_resource_dict_invalid;test_TC16_nested_invalid_request;test_TC17_list_inside_request_value;test_TC18_tuple_inside_request_value;test_TC19_valid_simple_case;test_TC20_valid_multi_resource;test_TC21_zero_and_negative_mix;test_TC23_request_with_extra_invalid_key;test_TC24_string_number;test_TC25_string_number_in_request;test_TC26_empty_requests_valid;test_TC27_empty_requests_invalid_resources;test_TC28_valid_float;test_TC29_invalid_float_nan_request;test_TC31_one_resource_must_remain_true;test_TC32_multi_resource_exact_cpu,test_TC4_infinite_value;test_TC5_resources_not_dict;test_TC10_resource_key_not_string;test_TC11_request_key_not_string;test_TC14_none_resources;test_TC15_none_requests;test_TC22_valid_zero_values;test_TC30_one_resource_must_remain_false;test_TC33_multi_resource_exact_cpu,24,9,0,0,1,0,0,0,1,S0066
G3,B,test_TC1_negative_resource_value;test_TC2_negative_request_value;test_TC3_nan_value;test_TC4_infinite_value;test_TC5_resources_not_dict;test_TC6_requests_not_list;test_TC7_request_item_not_dict;test_TC8_resource_value_not_number;test_TC9_request_value_not_number;test_TC10_resource_key_not_string;test_TC11_request_key_not_string;test_TC12_missing_resource_type;test_TC13_empty_resource_dict_invalid;test_TC14_none_resources;test_TC15_none_requests;test_TC16_nested_invalid_request;test_TC17_list_inside_request_value;test_TC18_tuple_inside_request_value;test_TC19_valid_simple_case;test_TC20_valid_multi_resource;test_TC21_zero_and_negative_mix;test_TC23_request_with_extra_invalid_key;test_TC24_string_number;test_TC25_string_number_in_request;test_TC26_empty_requests_valid;test_TC27_empty_requests_invalid_resources;test_TC28_valid_float;test_TC29_invalid_float_nan_request;test_TC31_one_resource_must_remain_true;test_TC32_multi_resource_exact_cpu,test_TC22_valid_zero_values;test_TC30_one_resource_must_remain_false;test_TC33_multi_resource_exact_cpu,30,3,0,1,1,1,1,1,1,S0067
G3,B,test_TC1_negative_resource_value;test_TC2_negative_request_value;test_TC3_nan_value;test_TC6_requests_not_list;test_TC7_request_item_not_dict;test_TC8_resource_value_not_number;test_TC9_request_value_not_number;test_TC12_missing_resource_type;test_TC13_empty_resource_dict_invalid;test_TC16_nested_invalid_request;test_TC17_list_inside_request_value;test_TC18_tuple_inside_request_value;test_TC19_valid_simple_case;test_TC20_valid_multi_resource;test_TC21_zero_and_negative_mix;test_TC23_request_with_extra_invalid_key;test_TC24_string_number;test_TC25_string_number_in_request;test_TC26_empty_requests_valid;test_TC27_empty_requests_invalid_resources;test_TC28_valid_float;test_TC29_invalid_float_nan_request;test_TC31_one_resource_must_remain_true;test_TC32_multi_resource_exact_cpu,test_TC4_infinite_value;test_TC5_resources_not_dict;test_TC10_resource_key_not_string;test_TC11_request_key_not_string;test_TC14_none_resources;test_TC15_none_requests;test_TC22_valid_zero_values;test_TC30_one_resource_must_remain_false;test_TC33_multi_resource_exact_cpu,24,9,0,1,1,1,1,1,1,S0068
G3,B,test_TC1_negative_resource_value;test_TC2_negative_request_value;test_TC3_nan_value;test_TC4_infinite_value;test_TC5_resources_not_dict;test_TC6_requests_not_list;test_TC7_request_item_not_dict;test_TC8_resource_value_not_number;test_TC9_request_value_not_number;test_TC10_resource_key_not_string;test_TC11_request_key_not_string;test_TC12_missing_resource_type;test_TC13_empty_resource_dict_invalid;test_TC14_none_resources;test_TC15_none_requests;test_TC16_nested_invalid_request;test_TC17_list_inside_request_value;test_TC18_tuple_inside_request_value;test_TC19_valid_simple_case;test_TC20_valid_multi_resource;test_TC21_zero_and_negative_mix;test_TC23_request_with_extra_invalid_key;test_TC24_string_number;test_TC25_string_number_in_request;test_TC26_empty_requests_valid;test_TC27_empty_requests_invalid_resources;test_TC28_valid_float;test_TC29_invalid_float_nan_request;test_TC31_one_resource_must_remain_true;test_TC32_multi_resource_exact_cpu,test_TC22_valid_zero_values;test_TC30_one_resource_must_remain_false;test_TC33_multi_resource_exact_cpu,30,3,0,1,1,1,1,1,1,S0069
G3,B,test_TC1_negative_resource_value;test_TC2_negative_request_value;test_TC3_nan_value;test_TC4_infinite_value;test_TC5_resources_not_dict;test_TC6_requests_not_list;test_TC7_request_item_not_dict;test_TC8_resource_value_not_number;test_TC9_request_value_not_number;test_TC10_resource_key_not_string;test_TC11_request_key_not_string;test_TC12_missing_resource_type;test_TC13_empty_resource_dict_invalid;test_TC14_none_resources;test_TC15_none_requests;test_TC16_nested_invalid_request;test_TC17_list_inside_request_value;test_TC18_tuple_inside_request_value;test_TC19_valid_simple_case;test_TC20_valid_multi_resource;test_TC21_zero_and_negative_mix;test_TC23_request_with_extra_invalid_key;test_TC24_string_number;test_TC25_string_number_in_request;test_TC26_empty_requests_valid;test_TC27_empty_requests_invalid_resources;test_TC28_valid_float;test_TC29_invalid_float_nan_request;test_TC31_one_resource_must_remain_true;test_TC32_multi_resource_exact_cpu,test_TC22_valid_zero_values;test_TC30_one_resource_must_remain_false;test_TC33_multi_resource_exact_cpu,30,3,0,0,1,1,1,1,1,S0070
G3,B,test_TC1_negative_resource_value;test_TC2_negative_request_value;test_TC3_nan_value;test_TC4_infinite_value;test_TC5_resources_not_dict;test_TC6_requests_not_list;test_TC7_request_item_not_dict;test_TC8_resource_value_not_number;test_TC9_request_value_not_number;test_TC10_resource_key_not_string;test_TC11_request_key_not_string;test_TC12_missing_resource_type;test_TC13_empty_resource_dict_invalid;test_TC14_none_resources;test_TC15_none_requests;test_TC16_nested_invalid_request;test_TC17_list_inside_request_value;test_TC18_tuple_inside_request_value;test_TC19_valid_simple_case;test_TC20_valid_multi_resource;test_TC21_zero_and_negative_mix;test_TC23_request_with_extra_invalid_key;test_TC24_string_number;test_TC25_string_number_in_request;test_TC26_empty_requests_valid;test_TC27_empty_requests_invalid_resources;test_TC28_valid_float;test_TC29_invalid_float_nan_request;test_TC31_one_resource_must_remain_true;test_TC32_multi_resource_exact_cpu,test_TC22_valid_zero_values;test_TC30_one_resource_must_remain_false;test_TC33_multi_resource_exact_cpu,30,3,0,1,1,1,1,1,1,S0071
G3,B,test_TC1_negative_resource_value;test_TC2_negative_request_value;test_TC3_nan_value;test_TC12_missing_resource_type;test_TC13_empty_resource_dict_invalid;test_TC15_none_requests;test_TC19_valid_simple_case;test_TC20_valid_multi_resource;test_TC21_zero_and_negative_mix;test_TC23_request_with_extra_invalid_key;test_TC26_empty_requests_valid;test_TC28_valid_float;test_TC29_invalid_float_nan_request;test_TC31_one_resource_must_remain_true;test_TC32_multi_resource_exact_cpu,test_TC4_infinite_value;test_TC5_resources_not_dict;test_TC6_requests_not_list;test_TC7_request_item_not_dict;test_TC8_resource_value_not_number;test_TC9_request_value_not_number;test_TC10_resource_key_not_string;test_TC11_request_key_not_string;test_TC14_none_resources;test_TC16_nested_invalid_request;test_TC17_list_inside_request_value;test_TC18_tuple_inside_request_value;test_TC22_valid_zero_values;test_TC24_string_number;test_TC25_string_number_in_request;test_TC27_empty_requests_invalid_resources;test_TC30_one_resource_must_remain_false;test_TC33_multi_resource_exact_cpu,15,18,0,0,1,1,1,1,1,S0072
